"title","url","rss"
"サボタージュ禁止のおさぼり日記","http://aaaazzzz036.hatenablog.com","http://aaaazzzz036.hatenablog.com/rss"
"忘れないようにメモっとく","http://akiniwa.hatenablog.jp","http://akiniwa.hatenablog.jp/rss"
"gepulog","http://blog.gepuro.net","http://blog.gepuro.net/recent.atom"
"裏 RjpWiki","http://blog.goo.ne.jp/r-de-r","http://blog.goo.ne.jp/r-de-r/rss2.xml"
"日々是独想 - 日々の徒然なることを独り想う。","http://blog.kz-md.net","http://blog.kz-md.net/?feed=rss2"
"捨てられたブログ","http://blog.recyclebin.jp","http://blog.recyclebin.jp/feed"
"タイトルって難しい。","http://can.hatenadiary.com","http://can.hatenadiary.com/rss"
"あらびき日記","http://d.hatena.ne.jp/a_bicky/","http://d.hatena.ne.jp/a_bicky/rss"
"arupaka-_-arupakaの日記","http://d.hatena.ne.jp/arupaka-_-arupaka/","http://d.hatena.ne.jp/arupaka-_-arupaka/rss"
"盆栽日記","http://d.hatena.ne.jp/dichika/","http://d.hatena.ne.jp/dichika/rss"
"ほくそ笑む","http://d.hatena.ne.jp/hoxo_m/","http://d.hatena.ne.jp/hoxo_m/rss"
"檜山正幸のキマイラ飼育記","http://d.hatena.ne.jp/m-hiyama/","http://d.hatena.ne.jp/m-hiyama/rss"
"驚異のアニヲタ社会復帰への道","http://d.hatena.ne.jp/MikuHatsune/","http://d.hatena.ne.jp/MikuHatsune/rss"
"糞ネット弁慶","http://d.hatena.ne.jp/repose/","http://d.hatena.ne.jp/repose/rss"
"もうカツ丼でいいよな","http://d.hatena.ne.jp/Rion778/","http://d.hatena.ne.jp/Rion778/rss"
"ryamadaの遺伝学・遺伝統計学メモ","http://d.hatena.ne.jp/ryamada22/","http://d.hatena.ne.jp/ryamada22/rss"
"My Life as a Mock Quant","http://d.hatena.ne.jp/teramonagi/","http://d.hatena.ne.jp/teramonagi/rss"
"どんな鳥も","http://d.hatena.ne.jp/tsutatsutatsuta/","http://d.hatena.ne.jp/tsutatsutatsuta/rss"
"yokkunsの日記","http://d.hatena.ne.jp/yokkuns/","http://d.hatena.ne.jp/yokkuns/rss"
"秩序と情報とブロッコリー","http://data-hacker.blogspot.jp","http://data-hacker.blogspot.com/feeds/posts/default?alt=rss"
"@DataSci","http://datasci.jp","http://datasci.jp/?feed=rss2"
"でたぁっ 感動と失敗の備忘録","http://deta.hateblo.jp","http://deta.hateblo.jp/rss"
"INPUTしたらOUTPUT!","http://estrellita.hatenablog.com","http://estrellita.hatenablog.com/rss"
"なんとなくな Developer のメモ","http://fits.hatenablog.com","http://fits.hatenablog.com/rss"
"からあげ定食","http://fujit33.hatenablog.com","http://fujit33.hatenablog.com/rss"
"300億円欲しい","http://gg-hogehoge.hatenablog.com","http://gg-hogehoge.hatenablog.com/rss"
"Golden State","http://goldenstate.cocolog-nifty.com/blog/","http://goldenstate.cocolog-nifty.com/blog/index.rdf"
"Small Data Scientist Memorandum","http://heartruptcy.blog.fc2.com","http://heartruptcy.blog.fc2.com/?xml"
"Taglibro de H","http://ito-hi.blog.so-net.ne.jp","http://ito-hi.blog.so-net.ne.jp/index.rdf"
"J's blog","http://jundoll.hatenablog.com","http://jundoll.hatenablog.com/rss"
"働いたら負け","http://kenchan0130-aki.hatenablog.com","http://kenchan0130-aki.hatenablog.com/rss"
"Dimension Planet Adventure 最終章 最終話『栄光なる未来』","http://ksmzn.hatenablog.com","http://ksmzn.hatenablog.com/rss"
"langstat blog","http://langstat.hatenablog.com","http://langstat.hatenablog.com/rss"
"Muni Bus","http://munibus.hatenablog.com","http://munibus.hatenablog.com/rss"
"random dispersal","http://nhkuma.blogspot.jp","http://nhkuma.blogspot.com/feeds/posts/default?alt=rss"
"Technically, technophobic.","http://notchained.hatenablog.com","http://notchained.hatenablog.com/rss"
"Panda Analysis","http://panda-nikki.hatenablog.jp","http://panda-nikki.hatenablog.jp/rss"
"Practice makes perfect","http://pracmper.blogspot.jp","http://pracmper.blogspot.com/feeds/posts/default?alt=rss"
"ぷる日記","http://prunus1350.hatenablog.com","http://prunus1350.hatenablog.com/rss"
"StatsFragments","http://sinhrks.hatenablog.com","http://sinhrks.hatenablog.com/rss"
"どらちゃんのポッケ","http://sleeping-micchi.hatenablog.com","http://sleeping-micchi.hatenablog.com/rss"
"Rプログラミングの小ネタ","http://tips-r.blogspot.jp","http://tips-r.blogspot.com/feeds/posts/default?alt=rss"
"singular point","http://www.singularpoint.org/blog/","http://www.singularpoint.org/blog/feed/"
"xfujimonのブログ","http://xfujimon.hatenablog.com","http://xfujimon.hatenablog.com/rss"
"Hi!!","https://kohske.wordpress.com","https://kohske.wordpress.com/feed/"
